QJ_JobNumber,QJ_WorkCenter,StepNo,QJ_PartNumber,PartDescription,Make_Qty,QtyOpen,StartDate,EndDate,RawMatl,QtyToMake,MaterialPartNo,SQIperPiece
68757-14,LASER QUE,10,J43450MY8M,BASE BACK PANEL,40,40,1/20/2026,1/20/2026,7GA X 72 X 144 - PO CBN GR50,"31,651.34",C50PO18072144,791.2836
68757-29,LASER QUE,10,J433MY8M-1,TANK BACK AND SIDES (J433MY8M) J433MZAN,39,27,11/13/2025,11/13/2025,7GA X 72 X 144 - PO CBN GR50,"279,936.00",C50PO18072144,10368
68739-30,LASER QUE,10,J433MZWM-1,TANK BACK AND SIDES (J433MZWM) J433M1M5  70.89 X 142.90,9,9,1/6/2026,1/6/2026,7GA X 72 X 144 - PO CBN,"100,288.80",C36PO18072144,11143.2
68778-30,LASER QUE,10,J433MZWM-1,TANK BACK AND SIDES (J433MZWM) J433M1M5  70.89 X 142.90,6,6,1/19/2026,1/19/2026,7GA X 72 X 144 - PO CBN,"66,859.20",C36PO18072144,11143.2
68757-13,LASER QUE,10,J43401MY8M,BASE FRONT PANEL,40,40,1/21/2026,1/21/2026,7GA X 72 X 120 - PO CBN GR50 (BUILDING MATERIAL),"15,837.36",C50PO18072120B,395.934
68757-21,LASER QUE,10,J433MY8M-2,TANK FRONT AND BOTTOM (J433MZAN) REF J433MY8M,40,40,11/12/2025,11/12/2025,7GA X 72 X 120 - PO CBN GR50 (BUILDING MATERIAL),"334,370.96",C50PO18072120B,8359.274
68739-24,LASER QUE,10,J433MZWM-2,TANK FRONT AND BOTTOM (J433M1M5) REF J433MZWM  70.00 X 108.56,9,9,1/6/2026,1/6/2026,7GA X 72 X 120 - PO CBN,"75,232.08",C36PO18072120,8359.12
68778-24,LASER QUE,10,J433MZWM-2,TANK FRONT AND BOTTOM (J433M1M5) REF J433MZWM  70.00 X 108.56,6,6,1/16/2026,1/19/2026,7GA X 72 X 120 - PO CBN,"50,154.72",C36PO18072120,8359.12
68757-15,LASER QUE,20,15H210A020,2.00 X 21.00 X .179 CARBON,80,80,11/20/2025,11/20/2025,7GA X 60 X 120 - PO CBN GR50,"7,392.00",C50PO18060120,92.4
68757-16,LASER QUE,20,15H230A020,2.00 X 23.00 X .179 CARBON,160,160,11/20/2025,11/20/2025,7GA X 60 X 120 - PO CBN GR50,"16,192.00",C50PO18060120,101.2
68739-25,LASER QUE,20,15S3302511G,33.00 X 2.50 X 1.10 CHANNEL (3PH TANKS),27,27,1/7/2026,1/7/2026,7GA X 60 X 120 - PO CBN GR50,"4,187.70",C50PO18060120,155.1
68756-25,LASER QUE,20,15S3302511G,33.00 X 2.50 X 1.10 CHANNEL (3PH TANKS),36,36,12/31/2025,12/31/2025,7GA X 60 X 120 - PO CBN GR50,"5,583.60",C50PO18060120,155.1
68757-22,LASER QUE,20,15S3302511G,33.00 X 2.50 X 1.10 CHANNEL (3PH TANKS),80,80,11/20/2025,11/20/2025,7GA X 60 X 120 - PO CBN GR50,"12,408.00",C50PO18060120,155.1
68778-25,LASER QUE,20,15S3302511G,33.00 X 2.50 X 1.10 CHANNEL (3PH TANKS),18,18,1/19/2026,1/19/2026,7GA X 60 X 120 - PO CBN GR50,"2,791.80",C50PO18060120,155.1
68739-18,LASER QUE,20,15S3502511F,35.00 X 2.50 X 1.10 CHANNEL (3PH TANKS),27,27,1/7/2026,1/7/2026,7GA X 60 X 120 - PO CBN GR50,"4,441.50",C50PO18060120,164.5
68739-26,LASER QUE,20,15S3502511F,35.00 X 2.50 X 1.10 CHANNEL (3PH TANKS),54,54,1/7/2026,1/7/2026,7GA X 60 X 120 - PO CBN GR50,"8,883.00",C50PO18060120,164.5
68756-18,LASER QUE,20,15S3502511F,35.00 X 2.50 X 1.10 CHANNEL (3PH TANKS),36,36,12/31/2025,12/31/2025,7GA X 60 X 120 - PO CBN GR50,"5,922.00",C50PO18060120,164.5
68756-26,LASER QUE,20,15S3502511F,35.00 X 2.50 X 1.10 CHANNEL (3PH TANKS),72,72,12/31/2025,12/31/2025,7GA X 60 X 120 - PO CBN GR50,"11,844.00",C50PO18060120,164.5
68757-17,LASER QUE,20,15S3502511F,35.00 X 2.50 X 1.10 CHANNEL (3PH TANKS),120,120,11/20/2025,11/20/2025,7GA X 60 X 120 - PO CBN GR50,"19,740.00",C50PO18060120,164.5
68757-23,LASER QUE,20,15S3502511F,35.00 X 2.50 X 1.10 CHANNEL (3PH TANKS),240,240,11/20/2025,11/20/2025,7GA X 60 X 120 - PO CBN GR50,"39,480.00",C50PO18060120,164.5
68778-18,LASER QUE,20,15S3502511F,35.00 X 2.50 X 1.10 CHANNEL (3PH TANKS),18,18,1/19/2026,1/19/2026,7GA X 60 X 120 - PO CBN GR50,"2,961.00",C50PO18060120,164.5
68778-26,LASER QUE,20,15S3502511F,35.00 X 2.50 X 1.10 CHANNEL (3PH TANKS),36,36,1/19/2026,1/19/2026,7GA X 60 X 120 - PO CBN GR50,"5,922.00",C50PO18060120,164.5
68739-27,LASER QUE,20,15S6902511F,69.00 X 2.50 X 1.10 CHANNEL (3PH TANKS),54,54,1/7/2026,1/7/2026,7GA X 60 X 120 - PO CBN GR50,"17,512.20",C50PO18060120,324.3
68756-27,LASER QUE,20,15S6902511F,69.00 X 2.50 X 1.10 CHANNEL (3PH TANKS),72,72,12/31/2025,12/31/2025,7GA X 60 X 120 - PO CBN GR50,"23,349.60",C50PO18060120,324.3
68757-24,LASER QUE,20,15S6902511F,69.00 X 2.50 X 1.10 CHANNEL (3PH TANKS),240,240,11/19/2025,11/20/2025,7GA X 60 X 120 - PO CBN GR50,"77,832.00",C50PO18060120,324.3
68778-27,LASER QUE,20,15S6902511F,69.00 X 2.50 X 1.10 CHANNEL (3PH TANKS),36,36,1/19/2026,1/19/2026,7GA X 60 X 120 - PO CBN GR50,"11,674.80",C50PO18060120,324.3
68739-28,LASER QUE,10,1A63369H01,ERMA BOLT-IN BRACKET,36,36,1/7/2026,1/7/2026,7GA X 60 X 120 - PO CBN GR50,590.52,C50PO18060120,16.4032
68756-28,LASER QUE,10,1A63369H01,ERMA BOLT-IN BRACKET,48,48,12/31/2025,12/31/2025,7GA X 60 X 120 - PO CBN GR50,787.35,C50PO18060120,16.4032
68757-25,LASER QUE,10,1A63369H01,ERMA BOLT-IN BRACKET,160,160,11/20/2025,11/20/2025,7GA X 60 X 120 - PO CBN GR50,"2,624.51",C50PO18060120,16.4032
68778-28,LASER QUE,10,1A63369H01,ERMA BOLT-IN BRACKET,24,24,1/19/2026,1/19/2026,7GA X 60 X 120 - PO CBN GR50,393.68,C50PO18060120,16.4032
68764-01,LASER QUE,20,31889490,FUEL FILL BRACKET  7 GA HRCQ 5.192 X 29.972,60,60,1/8/2026,1/8/2026,7GA X 60 X 120 - PO CBN GR50,"10,265.92",C50PO18060120,171.0987
67833-24,LASER QUE,20,GT AXLE HANGER 1,GT Axle Hanger 3.0 x 7.6,8,8,1/13/2026,1/13/2026,7GA X 60 X 120 - PO CBN GR50,200.64,C50PO18060120,25.08
68720-01,LASER QUE,20,3A47919H01,PALO ALTO EXT. ANCHOR BRKT  4.50 X 3.00 X .179 MSTL,90,90,1/23/2026,1/23/2026,7GA X 60 X 120 - PO CBN GR50,"1,336.50",C50PO18060120,14.85
68739-04,LASER QUE,10,30C7643H01,"FULL HT EXT 70"" TNK 2"" HV EXT (EXTENSION PANEL)",9,9,1/12/2026,1/12/2026,7GA X 60 X 120 - CBN,"2,192.55",C5018060120,243.6168
68756-04,LASER QUE,10,30C7643H01,"FULL HT EXT 70"" TNK 2"" HV EXT (EXTENSION PANEL)",12,12,1/7/2026,1/7/2026,7GA X 60 X 120 - CBN,"2,923.40",C5018060120,243.6168
68778-04,LASER QUE,10,30C7643H01,"FULL HT EXT 70"" TNK 2"" HV EXT (EXTENSION PANEL)",6,6,1/21/2026,1/21/2026,7GA X 60 X 120 - CBN,"1,461.70",C5018060120,243.6168
68463-23,LASER QUE,20,WH WHEEL FLAT,Worm Hopper Wheel Flat  11.89 x 46.65,2,2,1/6/2026,1/6/2026,5/8'' X 60 X 120 - CBN,"1,220.27",C3662560120,610.1354
68463-22,LASER QUE,20,WH WHEEL SPIKED,Worm Hopper Wheel Spiked  12.98 x 47.04,2,2,1/6/2026,1/6/2026,5/8'' X 60 X 120 - CBN,"1,343.27",C3662560120,671.6371
68746-07,LASER QUE,20,99A2143H01,INTERLOCK PLATE BUSHING,1,1,1/15/2026,1/15/2026,3/8'' X 60 X 120 - SST S304,1.33,S30437560120,1.331
68771-01,LASER QUE,20,CE10579,"WALL MOUNT BRACKET,SST PLATE-DRILLED W/ (2) 7/16"" HOLES",9,9,2/10/2026,2/10/2026,3/8'' X 60 X 120 - SST S304,257.4,S30437560120,28.6
68771-02,LASER QUE,20,CE10580,"WALL MOUNT BRACKET,SST PLATE-TAPPED W/ (2) 3/8""-16 HOLES",3,3,2/10/2026,2/10/2026,3/8'' X 60 X 120 - SST S304,42.9,S30437560120,14.3
67469-13,LASER QUE,20,EL BRACKET,Escape Ladder - Bracket  3 x 10.88,6,6,1/7/2026,1/7/2026,3/8'' X 60 X 120 - PO CBN A36,215.42,C36PO37560120,35.904
67469-18,LASER QUE,20,EL BRACKET,Escape Ladder - Bracket  3 x 10.88,6,6,1/7/2026,1/7/2026,3/8'' X 60 X 120 - PO CBN A36,215.42,C36PO37560120,35.904
68739-31,LASER QUE,20,1B25395H01,INTERNAL TANK BRACE W/NOTCHES 69'' X 4'' X 3/8'',36,36,1/6/2026,1/6/2026,3/8'' X 60 X 120 - PO CBN A36,"16,200.00",C36PO37560120,450
68756-31,LASER QUE,20,1B25395H01,INTERNAL TANK BRACE W/NOTCHES 69'' X 4'' X 3/8'',48,48,12/30/2025,12/30/2025,3/8'' X 60 X 120 - PO CBN A36,"21,600.00",C36PO37560120,450
68757-30,LASER QUE,20,1B25395H01,INTERNAL TANK BRACE W/NOTCHES 69'' X 4'' X 3/8'',160,160,11/19/2025,11/19/2025,3/8'' X 60 X 120 - PO CBN A36,"72,000.00",C36PO37560120,450
68778-31,LASER QUE,20,1B25395H01,INTERNAL TANK BRACE W/NOTCHES 69'' X 4'' X 3/8'',24,24,1/16/2026,1/16/2026,3/8'' X 60 X 120 - PO CBN A36,"10,800.00",C36PO37560120,450
68638-05,LASER QUE,20,80035990,PLATE SAFETY CHAIN 21K HITCH .38 GR80 4.000 X 15.000,32,32,2/12/2026,2/12/2026,3/8'' X 60 X 120 - CBN GR80,"2,244.00",C8037560120,70.125
68815-04,LASER QUE,20,12014250,PLATE SAFETY CHAIN HITCH  .38 GR80 4.250 X 15.000,12,12,1/14/2026,1/14/2026,3/8'' X 60 X 120 - CBN GR80,841.5,C8037560120,70.125
68638-02,LASER QUE,20,36169812,PLATE SIDE 21K HTCH/SF FORD RGB .38 GR80 16.180X20.250,64,64,2/12/2026,2/12/2026,3/8'' X 60 X 120 - CBN GR80,"23,066.21",C8037560120,360.4095
68802-03,LASER QUE,20,21191986,"PLATE, SUPPORT CRK 24.94  .38 GR80 2.25 X 24.940",22,22,1/6/2026,1/6/2026,3/8'' X 60 X 120 - CBN GR80,"1,357.98",C8037560120,61.7265
68813-09,LASER QUE,20,21191986,"PLATE, SUPPORT CRK 24.94  .38 GR80 2.25 X 24.940",7,7,1/15/2026,1/15/2026,3/8'' X 60 X 120 - CBN GR80,432.09,C8037560120,61.7265
68317-07,LASER QUE,20,30681200,"BASE BOOM REST, UPDATE .38 GR80 14.000 X 20.000",20,20,1/27/2026,1/27/2026,3/8'' X 60 X 120 - CBN A36,"6,160.00",C3637560120,308
68805-03,LASER QUE,20,32756630,PLATE BENT SUPPORT CRK 23  .38 HRCQ 2.250 X 25.763,10,10,1/8/2026,1/8/2026,3/8'' X 60 X 120 - CBN A36,637.56,C3637560120,63.756
68813-05,LASER QUE,20,32756630,PLATE BENT SUPPORT CRK 23  .38 HRCQ 2.250 X 25.763,10,10,1/15/2026,1/15/2026,3/8'' X 60 X 120 - CBN A36,637.56,C3637560120,63.756
68813-11,LASER QUE,20,36448466,PLATE FORMED SUPPORT 108 NML  1.88 X 26.408,7,7,1/15/2026,1/15/2026,3/8'' X 60 X 120 - CBN A36,382.31,C3637560120,54.6159
68813-06,LASER QUE,20,20081380,PLATE FORMED SUPPORT CRK 132  .38 HRCQ 2.250 X 24.563,10,10,1/15/2026,1/15/2026,3/8'' X 60 X 120 - CBN A36,607.86,C3637560120,60.786
68802-05,LASER QUE,20,32756420,"PLATE, BENT SUPPORT CRK 24.94  .38 GR80 2.250 X 27.612",11,11,1/6/2026,1/6/2026,3/8'' X 60 X 120 - CBN A36,751.68,C3637560120,68.3348
68813-10,LASER QUE,20,32756420,"PLATE, BENT SUPPORT CRK 24.94  .38 GR80 2.250 X 27.612",7,7,1/15/2026,1/15/2026,3/8'' X 60 X 120 - CBN A36,478.34,C3637560120,68.3348
68805-02,LASER QUE,20,21191994,SUPPORT PLATE CRK23  .38 HRCQ 2.250 X 23.000,20,20,1/8/2026,1/8/2026,3/8'' X 60 X 120 - CBN A36,"1,138.50",C3637560120,56.925
68813-04,LASER QUE,20,21191994,SUPPORT PLATE CRK23  .38 HRCQ 2.250 X 23.000,10,10,1/15/2026,1/15/2026,3/8'' X 60 X 120 - CBN A36,569.25,C3637560120,56.925
68789-01,LASER QUE,30,36604296,Pintle Plate Mack Granite 60K  19.80 x 33.30,1,1,1/7/2026,1/7/2026,"3/4"" X 60 X 120 - CBN GR80",725.27,C8075060120,725.274
68791-01,LASER QUE,30,36669672,Pintle Plate PH55AC Intl HV515  19.00 x 34.75,1,1,1/7/2026,1/7/2026,"3/4"" X 60 X 120 - CBN GR80",726.28,C8075060120,726.275
68801-01,LASER QUE,20,26197780-1,"PLATE, TOP STELLAR 6132DLHR66SJ  24.19"" X 21.44"" .75 GR80 21.44 X 24.19  SHIP DIRECT PART",2,2,1/8/2026,1/8/2026,3/4'' X 60 X 96 - CBN,"1,140.99",C807506096,570.496
68747-07,LASER QUE,20,11686-P3,Plate P3  9.00 x 13.00,24,24,1/2/2026,1/2/2026,3/4'' X 60 X 120 - PO CBN A36,"3,088.80",C36PO75060120,128.7
68747-10,LASER QUE,20,11686-P31,Plate P31   13.00 x 13.00,64,64,1/2/2026,1/2/2026,3/4'' X 60 X 120 - PO CBN A36,"11,897.60",C36PO75060120,185.9
68747-11,LASER QUE,20,11686-P34,Plate P34  13.00 x 13.00,44,44,1/2/2026,1/2/2026,3/4'' X 60 X 120 - PO CBN A36,"8,179.60",C36PO75060120,185.9
68747-05,LASER QUE,20,11686-P44,Plate P44  7.00 x 13.00,36,36,1/2/2026,1/2/2026,3/4'' X 60 X 120 - PO CBN A36,"3,603.60",C36PO75060120,100.1
68747-12,LASER QUE,20,11686-P64,Plate P64  14.50 x 14.50,2,2,1/2/2026,1/2/2026,3/4'' X 60 X 120 - PO CBN A36,462.55,C36PO75060120,231.275
68747-13,LASER QUE,20,11686-P68,Plate P68  14.50 x 14.50,2,2,1/2/2026,1/2/2026,3/4'' X 60 X 120 - PO CBN A36,462.55,C36PO75060120,231.275
68747-06,LASER QUE,20,11686-P69,Plate P69  7.00 x 13.00,28,28,1/2/2026,1/2/2026,3/4'' X 60 X 120 - PO CBN A36,"2,802.80",C36PO75060120,100.1
68747-03,LASER QUE,20,11686-P70,Plate P70  4.50 x 14.50,8,8,1/2/2026,1/2/2026,3/4'' X 60 X 120 - PO CBN A36,574.2,C36PO75060120,71.775
68747-04,LASER QUE,20,11686-P81,Plate P81  5.00 X 11.00,12,12,1/2/2026,1/2/2026,3/4'' X 60 X 120 - PO CBN A36,726,C36PO75060120,60.5
68747-09,LASER QUE,20,11686-P82,Plate P82  11.50 x 12.00,12,12,1/2/2026,1/2/2026,3/4'' X 60 X 120 - PO CBN A36,"1,821.60",C36PO75060120,151.8
68747-08,LASER QUE,20,11686-P85,Plate P85  11.50 x 11.50,12,12,1/2/2026,1/2/2026,3/4'' X 60 X 120 - PO CBN A36,"1,745.70",C36PO75060120,145.475
68739-03,LASER QUE,20,1B22694H01,THREE PHASE LIFT HOOKS 3/4 CARB,36,36,1/12/2026,1/12/2026,3/4'' X 60 X 120 - PO CBN A36,394.22,C36PO75060120,10.9505
68756-03,LASER QUE,20,1B22694H01,THREE PHASE LIFT HOOKS 3/4 CARB,48,48,1/7/2026,1/7/2026,3/4'' X 60 X 120 - PO CBN A36,525.62,C36PO75060120,10.9505
68757-05,LASER QUE,20,1B22694H01,THREE PHASE LIFT HOOKS 3/4 CARB,160,160,12/9/2025,12/9/2025,3/4'' X 60 X 120 - PO CBN A36,"1,752.08",C36PO75060120,10.9505
68778-03,LASER QUE,20,1B22694H01,THREE PHASE LIFT HOOKS 3/4 CARB,24,24,1/21/2026,1/21/2026,3/4'' X 60 X 120 - PO CBN A36,262.81,C36PO75060120,10.9505
68799-01,LASER QUE,20,34836436,CRANE TOP PLATE BNSF 538 STELR .75 GR50 20.500 X 22.750,2,2,1/8/2026,1/8/2026,3/4'' X 60 X 120 - CBN GR50,"1,026.03",C5075060120,513.0125
68727-12,LASER QUE,20,20131030,PLATE TOP DL-44KJ .75 GR50 21.44 X 24.19,12,12,1/9/2026,1/9/2026,3/4'' X 60 X 120 - CBN GR50,"6,845.96",C5075060120,570.4969
68709-02,LASER QUE,20,01424+,"SUPPORT, FLOOR MOUNT, 316 SS, 2"" X 2"" X 0.188"" FOR 0.375"" ANCHOR",24,24,2/2/2026,2/2/2026,3/16'' X 60 X 120 - SST S316L,158.4,S31618860120,6.6
68722-05,LASER QUE,20,99A4182H01,"304 SST 8.5 X 2 X .179 W/ 6"" SLOT",12,12,1/9/2026,1/9/2026,3/16'' X 60 X 120 - SST S304,224.4,S30418860120,18.7
68746-02,LASER QUE,20,99A2278H01,304L SST EXT ANCHOR BRKT  3.00 X 4.50,30,30,1/16/2026,1/16/2026,3/16'' X 60 X 120 - SST S304,445.5,S30418860120,14.85
68722-01,LASER QUE,20,1MS0462830,4.60 X 3.00 X 2.80 CHANNEL (.179 SST) Hitachi Dwg 2B10513,168,168,1/9/2026,1/9/2026,3/16'' X 60 X 120 - SST S304,"7,480.70",S30418860120,44.528
68739-16,LASER QUE,20,Q5H065A02C,6.50 X 2.25 X .179 SST 10701DP,36,36,1/20/2026,1/20/2026,3/16'' X 60 X 120 - SST S304,579.15,S30418860120,16.0875
68756-16,LASER QUE,20,Q5H065A02C,6.50 X 2.25 X .179 SST 10701DP,48,48,1/20/2026,1/20/2026,3/16'' X 60 X 120 - SST S304,772.2,S30418860120,16.0875
68778-16,LASER QUE,20,Q5H065A02C,6.50 X 2.25 X .179 SST 10701DP,24,24,1/28/2026,1/28/2026,3/16'' X 60 X 120 - SST S304,386.1,S30418860120,16.0875
68720-02,LASER QUE,20,9796A43H01,SST Cleat Mtl Plate 2 x 18.5,4,4,1/23/2026,1/23/2026,3/16'' X 60 X 120 - SST S304,162.8,S30418860120,40.7
68719-01,LASER QUE,20,28C3615H01,SST UCT RAISED HH PLATE 9.5 X 17.5,10,10,1/9/2026,1/9/2026,3/16'' X 60 X 120 - SST S304,"3,003.00",S30418860120,300.3
68782-02,LASER QUE,20,1694,"Support Rigid Stabilizer 304SS for 9"" Tall, Brackets & .500"" Rod",22,22,3/2/2026,3/2/2026,3/16'' X 60 X 120 - SST S304,570.64,S30418860120,25.938
68290-07,LASER QUE,20,5968,"SUPPORT, RIGID STABILIZER, 13, FOR 0.500 ROD",3,3,2/16/2026,2/16/2026,3/16'' X 60 X 120 - SST S304,103.21,S30418860120,34.4025
68782-07,LASER QUE,20,5968,"SUPPORT, RIGID STABILIZER, 13, FOR 0.500 ROD",26,26,2/2/2026,2/2/2026,3/16'' X 60 X 120 - SST S304,894.47,S30418860120,34.4025
68782-08,LASER QUE,20,8415,"SUPPORT, RIGID STABILIZER, 304SS, 18"", FOR 0.500"" ROD",4,4,2/2/2026,2/2/2026,3/16'' X 60 X 120 - SST S304,186.1,S30418860120,46.5251
68722-02,LASER QUE,20,1C19615H01,UCT SST HANDHOLE COVER 8  X 14,1,1,1/9/2026,1/9/2026,3/16'' X 60 X 120 - SST S304,205.7,S30418860120,205.7
68803-01,LASER QUE,20,35756683,"ANGLE HEADER, CRANE AKMS16  .19 GR50 3.176 X 21.375",1,1,1/8/2026,1/8/2026,3/16'' X 60 X 120 - CBN,74.68,C5018860120,74.6757
68801-02,LASER QUE,20,35757261,"ANGLE LOWER, CRANE AKMS16  .19 GR50 3.426 X 21.375",1,1,1/8/2026,1/8/2026,3/16'' X 60 X 120 - CBN,80.55,C5018860120,80.5538
68801-03,LASER QUE,20,35756602,"PANEL,CRANE COMP AKMS 16K  .19 GR50 43.688 X 73.927",1,1,1/8/2026,1/8/2026,3/16'' X 60 X 120 - CBN,"3,552.69",C5018860120,3552.6949
68814-01,LASER QUE,20,FISH KEYCHAIN,Fish Keychain 1.75 x 1.03,30,30,1/23/2026,1/23/2026,18GA X 60 X 120 - CBN,59.48,C3605060120,1.9828
68752-02,LASER QUE,10,8642C16H01,1 PH CAB LEFT BAFFLE 20 NOM,100,100,1/16/2026,1/16/2026,16GA X 60 X 120 - CBN A36,"3,952.99",C3606060120,39.5299
67668-01,LASER QUE,20,21179056,COVER FLOOR PANEL 60''L FT  14GA GALV 5.309 X 61.742,2,2,1/21/2026,1/21/2026,14GA X  48 X 120 - GLVZ,695.44,GALV07548120,347.7196
68560-08,LASER QUE,10,J43101RKFY-2,FRONT AND BOTTOM PANEL,3,3,1/13/2026,1/13/2026,12GA X 60 X 96 - SST S409,"4,621.98",S4091056096,1540.66
68566-08,LASER QUE,20,J43101RKFP-2,FRONT AND BOTTOM PANEL,1,1,1/13/2026,1/13/2026,12GA X 60 X 96 - SST S409,"1,621.44",S4091056096,1621.4387
68605-09,LASER QUE,20,J43101RKFT-2,FRONT AND BOTTOM PANEL,4,4,1/12/2026,1/12/2026,12GA X 60 X 96 - SST S409,"6,175.56",S4091056096,1543.8912
68560-21,LASER QUE,20,14S2203005,INTERNAL BRACE 22 X 3.0 X 12GA,3,3,1/12/2026,1/12/2026,12GA X 60 X 96 - SST S409,290.4,S4091056096,96.8
68566-21,LASER QUE,20,14S2203005,INTERNAL BRACE 22 X 3.0 X 12GA,1,1,1/12/2026,1/12/2026,12GA X 60 X 96 - SST S409,96.8,S4091056096,96.8
68605-22,LASER QUE,20,14S2203005,INTERNAL BRACE 22 X 3.0 X 12GA,4,4,1/9/2026,1/9/2026,12GA X 60 X 96 - SST S409,387.2,S4091056096,96.8
68644-21,LASER QUE,20,14S2203005,INTERNAL BRACE 22 X 3.0 X 12GA,5,5,1/2/2026,1/2/2026,12GA X 60 X 96 - SST S409,484,S4091056096,96.8
68560-09,LASER QUE,20,14S2203505,INTERNAL BRACE 22 X 3.5 X 12GA,3,3,1/13/2026,1/13/2026,12GA X 60 X 96 - SST S409,326.7,S4091056096,108.9
68560-19,LASER QUE,20,14S2203505,INTERNAL BRACE 22 X 3.5 X 12GA,3,3,1/12/2026,1/12/2026,12GA X 60 X 96 - SST S409,326.7,S4091056096,108.9
68566-09,LASER QUE,20,14S2203505,INTERNAL BRACE 22 X 3.5 X 12GA,1,1,1/13/2026,1/13/2026,12GA X 60 X 96 - SST S409,108.9,S4091056096,108.9
68566-19,LASER QUE,20,14S2203505,INTERNAL BRACE 22 X 3.5 X 12GA,1,1,1/12/2026,1/12/2026,12GA X 60 X 96 - SST S409,108.9,S4091056096,108.9
68605-10,LASER QUE,20,14S2203505,INTERNAL BRACE 22 X 3.5 X 12GA,4,4,1/12/2026,1/12/2026,12GA X 60 X 96 - SST S409,435.6,S4091056096,108.9
68605-20,LASER QUE,20,14S2203505,INTERNAL BRACE 22 X 3.5 X 12GA,4,4,1/9/2026,1/9/2026,12GA X 60 X 96 - SST S409,435.6,S4091056096,108.9
68644-09,LASER QUE,20,14S2203505,INTERNAL BRACE 22 X 3.5 X 12GA,5,5,1/5/2026,1/5/2026,12GA X 60 X 96 - SST S409,544.5,S4091056096,108.9
68644-19,LASER QUE,20,14S2203505,INTERNAL BRACE 22 X 3.5 X 12GA,5,5,1/2/2026,1/2/2026,12GA X 60 X 96 - SST S409,544.5,S4091056096,108.9
68560-16,LASER QUE,20,1C08529H01,INTERNAL BRACE 26 X 5.1 X 12GA,6,6,1/13/2026,1/13/2026,12GA X 60 X 96 - SST S409,875.16,S4091056096,145.86
68605-17,LASER QUE,20,1C08529H01,INTERNAL BRACE 26 X 5.1 X 12GA,8,8,1/12/2026,1/12/2026,12GA X 60 X 96 - SST S409,"1,166.88",S4091056096,145.86
68566-15,LASER QUE,20,14S2803505,INTERNAL BRACE 28 X 3.5 X 12GA,2,2,1/13/2026,1/13/2026,12GA X 60 X 96 - SST S409,277.2,S4091056096,138.6
68644-15,LASER QUE,20,14S2803505,INTERNAL BRACE 28 X 3.5 X 12GA,10,10,1/5/2026,1/5/2026,12GA X 60 X 96 - SST S409,"1,386.00",S4091056096,138.6
68566-16,LASER QUE,20,1C08531H01,INTERNAL BRACE 28 X 5.1 X 12GA,2,2,1/13/2026,1/13/2026,12GA X 60 X 96 - SST S409,378.22,S4091056096,189.112
68644-16,LASER QUE,20,1C08531H01,INTERNAL BRACE 28 X 5.1 X 12GA,10,10,1/5/2026,1/5/2026,12GA X 60 X 96 - SST S409,"1,891.12",S4091056096,189.112
68560-13,LASER QUE,10,J43150RKFY-1,SIDES AND BACK PANEL,3,3,1/13/2026,1/13/2026,12GA X 60 X 96 - SST S409,"8,634.47",S4091056096,2878.1583
68566-13,LASER QUE,20,J43150RKFP-1,SIDES AND BACK PANEL,1,1,1/13/2026,1/13/2026,12GA X 60 X 96 - SST S409,"3,188.19",S4091056096,3188.1932
68605-14,LASER QUE,20,J43150RKFT-1,SIDES AND BACK PANEL,4,4,1/12/2026,1/12/2026,12GA X 60 X 96 - SST S409,"11,512.63",S4091056096,2878.1583
68666-06,LASER QUE,20,20187280,INNER MTG CHNL CABGUARD GM/NV  12 GA GAL 5.643 X 20.875,2,2,2/23/2026,2/23/2026,12GA X 60 X 120 - CBN GR50,320,C5010560120,160
68638-09,LASER QUE,20,80036010,MTG ANGLE HITCH COVER PLATE 12 GA HY50 1.323 X 10.000,64,64,2/12/2026,2/12/2026,12GA X 60 X 120 - CBN GR50,931.39,C5010560120,14.553
68796-01,LASER QUE,20,80036010,MTG ANGLE HITCH COVER PLATE 12 GA HY50 1.323 X 10.000,36,36,1/7/2026,1/7/2026,12GA X 60 X 120 - CBN GR50,523.91,C5010560120,14.553
68816-01,LASER QUE,20,80036010,MTG ANGLE HITCH COVER PLATE 12 GA HY50 1.323 X 10.000,28,28,1/16/2026,1/16/2026,12GA X 60 X 120 - CBN GR50,407.48,C5010560120,14.553
68666-04,LASER QUE,20,20187270,"PANEL CENTER CABGUARD 54W GM/NV  30.776"" X 62.816""",1,1,2/23/2026,2/23/2026,12GA X 60 X 120 - CBN GR50,"2,126.54",C5010560120,2126.54
68666-08,LASER QUE,20,26266056,PNL SIDE L UNICBGRD J BDY 12 GA GALV 4.936 X 15.310,1,1,2/23/2026,2/23/2026,12GA X 60 X 120 - CBN GR50,83.19,C5010560120,83.1945
68666-09,LASER QUE,20,26266064,PNL SIDE R UNICBGRD J BDY 12 GA GALV 4.936 X 15.310,1,1,2/23/2026,2/23/2026,12GA X 60 X 120 - CBN GR50,83.19,C5010560120,83.1945
68666-07,LASER QUE,20,26266049,"RAIL BTM 54 UNI CAB GRD  4.47"" X 50.56""",1,1,2/23/2026,2/23/2026,12GA X 60 X 120 - CBN GR50,248.6,C5010560120,248.6035
68739-15,LASER QUE,10,J43450MZWM,BASE BACK PANEL  5.26 X 142.90,9,9,1/20/2026,1/20/2026,11GA X 72 X 146 - SST S304L,"7,441.37",S304L12072146,826.8194
68756-15,LASER QUE,10,J43450MZWM,BASE BACK PANEL  5.26 X 142.90,12,12,1/20/2026,1/20/2026,11GA X 72 X 146 - SST S304L,"9,921.83",S304L12072146,826.8194
68778-15,LASER QUE,10,J43450MZWM,BASE BACK PANEL  5.26 X 142.90,6,6,1/28/2026,1/28/2026,11GA X 72 X 146 - SST S304L,"4,960.92",S304L12072146,826.8194
68739-14,LASER QUE,10,J43401MZWM,BASE FRONT PANEL  5.26 X 72.00,9,9,1/20/2026,1/20/2026,11GA X 72 X 146 - SST S304L,"3,749.33",S304L12072146,416.592
68756-14,LASER QUE,10,J43401MZWM,BASE FRONT PANEL  5.26 X 72.00,12,12,1/20/2026,1/20/2026,11GA X 72 X 146 - SST S304L,"4,999.10",S304L12072146,416.592
68778-14,LASER QUE,10,J43401MZWM,BASE FRONT PANEL  5.26 X 72.00,6,6,1/28/2026,1/28/2026,11GA X 72 X 146 - SST S304L,"2,499.55",S304L12072146,416.592
68757-03,LASER QUE,20,101A914H01,"MAGPLATE PAT 914 WITH SGC CT POV 15.50 X 19.00""",40,40,12/9/2025,12/9/2025,11GA X 72 X 120 - SST S304L,"12,958.00",S304L12072120,323.95
68689-06,LASER QUE,10,3A25338H01,4 POS V-BLADE SW INTERLOCK SS PLT,2,2,1/8/2026,1/8/2026,11GA X 60 X 120 - SST S304,79.2,S30412060120,39.6
68746-06,LASER QUE,10,3A25338H01,4 POS V-BLADE SW INTERLOCK SS PLT,1,1,1/15/2026,1/15/2026,11GA X 60 X 120 - SST S304,39.6,S30412060120,39.6
68709-09,LASER QUE,30,29008560,Bracket DWP Monitoring Box 304SS 23.625'' x 2'' x 0.125'',2,2,1/26/2026,1/26/2026,11GA X 60 X 120 - SST S304,127.53,S30412060120,63.767
68740-01,LASER QUE,10,3A22750H01,KIRK KEY MOUNTING BRKT 3.00 X 3.50 X .120 SST,8,8,3/6/2026,3/6/2026,11GA X 60 X 120 - SST S304,92.4,S30412060120,11.55
68739-06,LASER QUE,10,3A21949H01,MAGPLATE PAT 914 CENTRAL MALONEY BUS,9,9,1/12/2026,1/12/2026,11GA X 60 X 120 - SST S304,"2,633.40",S30412060120,292.6
68756-06,LASER QUE,10,3A21949H01,MAGPLATE PAT 914 CENTRAL MALONEY BUS,12,12,1/7/2026,1/7/2026,11GA X 60 X 120 - SST S304,"3,511.20",S30412060120,292.6
68778-06,LASER QUE,10,3A21949H01,MAGPLATE PAT 914 CENTRAL MALONEY BUS,6,6,1/21/2026,1/21/2026,11GA X 60 X 120 - SST S304,"1,755.60",S30412060120,292.6
68739-17,LASER QUE,20,3A22056H01,NUT-MNT LBOR KIRK-KEY LOCK MTG BRKT  1.00 X 5.65,18,18,1/9/2026,1/9/2026,11GA X 60 X 120 - SST S304,111.87,S30412060120,6.215
68756-17,LASER QUE,20,3A22056H01,NUT-MNT LBOR KIRK-KEY LOCK MTG BRKT  1.00 X 5.65,24,24,1/6/2026,1/6/2026,11GA X 60 X 120 - SST S304,149.16,S30412060120,6.215
68778-17,LASER QUE,20,3A22056H01,NUT-MNT LBOR KIRK-KEY LOCK MTG BRKT  1.00 X 5.65,12,12,1/20/2026,1/20/2026,11GA X 60 X 120 - SST S304,74.58,S30412060120,6.215
68683-02,LASER QUE,20,3A24960H01,SST 2.25X.75X.120 LBOR INLK CLIP5,27,27,1/9/2026,1/9/2026,11GA X 60 X 120 - SST S304,50.12,S30412060120,1.8563
68782-14,LASER QUE,10,01389-1,"SUPPORT, BRACKET, 304SS, FOR 6"" PIPE, 21"" TALL - BRACE 2 X 2 X 11.75",2,2,1/23/2026,1/23/2026,11GA X 60 X 120 - SST S304,103.4,S30412060120,51.7
68782-15,LASER QUE,10,01389-2,"SUPPORT, BRACKET, 304SS, FOR 6"" PIPE, 21"" TALL - LONG 20.75 X 11.75",2,2,1/23/2026,1/23/2026,11GA X 60 X 120 - SST S304,468.6,S30412060120,234.3
68776-01,LASER QUE,20,30C8247H01,"1PH TOP FRAME 15.15"" LENGTH  15.15 X 3.50 X .120 MSTL",60,60,1/16/2026,1/16/2026,11GA X 60 X 120 - PO CBN GR50,"3,499.65",C50PO12060120,58.3275
68739-05,LASER QUE,20,332B993H01,BARRIER SUPPORT 1.50 X 1.25 X .120,27,27,1/12/2026,1/12/2026,11GA X 60 X 120 - PO CBN GR50,55.69,C50PO12060120,2.0625
68756-05,LASER QUE,20,332B993H01,BARRIER SUPPORT 1.50 X 1.25 X .120,36,36,1/7/2026,1/7/2026,11GA X 60 X 120 - PO CBN GR50,74.25,C50PO12060120,2.0625
68757-06,LASER QUE,20,332B993H01,BARRIER SUPPORT 1.50 X 1.25 X .120,120,120,12/9/2025,12/9/2025,11GA X 60 X 120 - PO CBN GR50,247.5,C50PO12060120,2.0625
68778-05,LASER QUE,20,332B993H01,BARRIER SUPPORT 1.50 X 1.25 X .120,18,18,1/21/2026,1/21/2026,11GA X 60 X 120 - PO CBN GR50,37.13,C50PO12060120,2.0625
67469-11,LASER QUE,20,EL END CAP,Escape Ladder - End Cap  1.38 x 1.38,2,2,1/7/2026,1/7/2026,11GA X 60 X 120 - PO CBN GR50,4.19,C50PO12060120,2.0948
68722-03,LASER QUE,20,30C8281H01,"1PH TOP FRAME 16.15"" LENGTH  16.15 X 3.50 X .120 MSTL",12,12,1/9/2026,1/9/2026,11GA X 60 X 120 - CBN GR50,746.13,C5012060120,62.1775
68755-01,LASER QUE,20,30C8319H01,"1PH TOP FRAME 16.65"" LENGTH  16.65 X 3.5 X .120 MSTL",20,20,1/9/2026,1/9/2026,11GA X 60 X 120 - CBN GR50,"1,282.05",C5012060120,64.1025
68776-03,LASER QUE,20,30C8319H01,"1PH TOP FRAME 16.65"" LENGTH  16.65 X 3.5 X .120 MSTL",594,594,1/21/2026,1/23/2026,11GA X 60 X 120 - CBN GR50,"38,076.89",C5012060120,64.1025
68776-02,LASER QUE,20,30C8280H01,"1PH TOP FRAME 19.15"" LENGTH  19.15 X 3.50 X .120 MSTL",50,50,1/16/2026,1/16/2026,11GA X 60 X 120 - CBN GR50,"3,686.38",C5012060120,73.7275
68752-01,LASER QUE,20,29C3271H01,COVER PLATE FOR PZ4 BOX BOTTOM 12.50 X 32.50,1,1,1/16/2026,1/16/2026,11GA X 60 X 120 - CBN GR50,446.88,C5012060120,446.875
68638-07,LASER QUE,20,80041040,TUBE END CAP REC HITCH 3.5'' 11 GA HY50 3.490 x 3.490,64,64,2/12/2026,2/12/2026,11GA X 60 X 120 - CBN GR50,857.48,C5012060120,13.3981
68815-06,LASER QUE,20,80041040,TUBE END CAP REC HITCH 3.5'' 11 GA HY50 3.490 x 3.490,24,24,1/14/2026,1/14/2026,11GA X 60 X 120 - CBN GR50,321.55,C5012060120,13.3981
68709-19,LASER QUE,20,12577,"SUPPORT, ANGLE, RIGID, 316SS, FOR 4"" PIPE, 1.25"" X 1.25"" X 0.125""",2,2,2/16/2026,2/16/2026,11GA X 60 X 120 - 316L SST,48.79,S31612060120,24.3925
68727-04,LASER QUE,20,26192047,ANGLE FORMED STELLAR IND 10 GA HY50 1.056 X 19.25,12,12,1/13/2026,1/13/2026,10GA X 60 X 90 - CBN GR50,268.32,C501356090,22.36
68728-01,LASER QUE,20,35419782,BRACKET SHELF MOUNT LH 18 UFS2 10 GA HY50 4.743 X 17.750,2,2,1/20/2026,1/20/2026,10GA X 60 X 120 - CBN GR50,185.21,C5013560120,92.6071
68710-05,LASER QUE,20,DRIVE SIDE TANDEM FENDER,Drive Side Tandem Fender - 26 x 108,2,2,1/9/2026,1/9/2026,10GA X 60 X 120 - CBN GR50,"6,177.60",C5013560120,3088.8
68806-02,LASER QUE,20,26266171,"MNTNG PLTE STROBE TURBO UNICBG  8.25"" X 21.63""",15,15,1/12/2026,1/12/2026,10GA X 60 X 120 - CBN GR50,"2,944.38",C5013560120,196.2922
68710-06,LASER QUE,20,PASS SIDE TANDEM FENDER,Pass Side Tandem Fender - 26 x 120,2,2,1/9/2026,1/9/2026,10GA X 60 X 120 - CBN GR50,"6,864.00",C5013560120,3432
68724-01,LASER QUE,20,S1018SMA,"S13928 - CABLE RETAINING ANGLE 70.5"" x 3.0""",200,200,1/9/2026,1/9/2026,10GA X 60 X 120 - CBN GR50,"46,530.00",C5013560120,232.65
68710-07,LASER QUE,20,SINGLE AXLE FENDER,Single Axle Fender - 26 x 72,4,4,1/9/2026,1/9/2026,10GA X 60 X 120 - CBN GR50,"8,236.80",C5013560120,2059.2
68803-04,LASER QUE,20,26266080,"STROBE LIGHT MNT UNICBGRD KPD  8.62"" X 6.75""",5,5,1/5/2026,1/5/2026,10GA X 60 X 120 - CBN GR50,320.02,C5013560120,64.0035
68741-01,LASER QUE,20,2764A71H03,4 HOLE SST WELDED SPADE,25,25,1/9/2026,1/9/2026,1/4'' X 60 X 120 - SST S304/S304L,330,S30425060120,13.2
68771-03,LASER QUE,20,CE14661,"C3 X 4.75 STAINLESS STEEL DRILLED W/ (2) 7/16"" HOLES 6-1/2"" X 3""",3,3,2/10/2026,2/10/2026,1/4'' X 60 X 120 - SST S304/S304L,64.35,S30425060120,21.45
68782-03,LASER QUE,20,01816+,Floor Mount SLT  2 x 2 x .250,20,20,2/2/2026,2/2/2026,1/4'' X 60 X 120 - SST S304/S304L,132,S30425060120,6.6
68788-03,LASER QUE,20,30C8438H01,"NON-MAG PLT, 3.06 HOLE, TYPE RCI CT'S",2,2,1/16/2026,1/16/2026,1/4'' X 60 X 120 - SST S304/S304L,"1,085.70",S30425060120,542.85
68739-08,LASER QUE,20,3A48984H01,"SST BRKT, CANADA GROUNDING",18,18,1/12/2026,1/12/2026,1/4'' X 60 X 120 - SST S304/S304L,178.2,S30425060120,9.9
68756-08,LASER QUE,20,3A48984H01,"SST BRKT, CANADA GROUNDING",24,24,1/7/2026,1/7/2026,1/4'' X 60 X 120 - SST S304/S304L,237.6,S30425060120,9.9
68778-08,LASER QUE,20,3A48984H01,"SST BRKT, CANADA GROUNDING",12,12,1/21/2026,1/21/2026,1/4'' X 60 X 120 - SST S304/S304L,118.8,S30425060120,9.9
68733-02,LASER QUE,20,3A21933H01,"SST JACK PAD UNITS OVER 10,000 LBS",100,100,1/20/2026,1/20/2026,1/4'' X 60 X 120 - SST S304/S304L,"1,460.25",S30425060120,14.6025
68739-12,LASER QUE,20,3A21933H01,"SST JACK PAD UNITS OVER 10,000 LBS",36,36,1/20/2026,1/20/2026,1/4'' X 60 X 120 - SST S304/S304L,525.69,S30425060120,14.6025
68756-12,LASER QUE,20,3A21933H01,"SST JACK PAD UNITS OVER 10,000 LBS",48,48,1/20/2026,1/20/2026,1/4'' X 60 X 120 - SST S304/S304L,700.92,S30425060120,14.6025
68778-12,LASER QUE,20,3A21933H01,"SST JACK PAD UNITS OVER 10,000 LBS",24,24,1/28/2026,1/28/2026,1/4'' X 60 X 120 - SST S304/S304L,350.46,S30425060120,14.6025
68782-12,LASER QUE,30,825.10804.001,"Support, Angle, 304 SS, 4"" x 4"" x 128.875""",1,1,2/2/2026,2/2/2026,1/4'' X 60 X 120 - SST S304/S304L,"1,134.10",S30425060120,1134.1
68782-19,LASER QUE,30,11464-01,"Support, Drop Pipe, Sway Brace, 304 SS, 6"", Range: 32.50""-35.50"" - Angle",10,10,1/29/2026,1/29/2026,1/4'' X 60 X 120 - SST S304/S304L,"2,751.76",S30425060120,275.176
68782-20,LASER QUE,30,11464-02,"Support, Drop Pipe, Sway Brace, 304 SS, 6"", Range: 32.50""-35.50"" - Brace",10,10,1/29/2026,1/29/2026,1/4'' X 60 X 120 - SST S304/S304L,"1,155.88",S30425060120,115.588
68782-13,LASER QUE,30,825.10804.WB1,"Wall Brace, 304 SS, 4"", for 0.375"" Hardware",2,2,2/2/2026,2/2/2026,1/4'' X 60 X 120 - SST S304/S304L,70.4,S30425060120,35.2
68802-01,LASER QUE,20,35802109,1-PC PANEL 108-132DL55 KNPLT .25 GR50 43.687 X 70.296 Crane Comp,4,4,1/8/2026,1/8/2026,1/4'' X 60 X 120 - PO CBN GR50,"13,512.49",C50PO25060120,3378.1235
68718-05,LASER QUE,20,3A49470H01,1.25 X 22.75 X .250 CARBON BRACE,65,65,1/9/2026,1/9/2026,1/4'' X 60 X 120 - PO CBN GR50,"1,626.63",C50PO25060120,25.025
68746-05,LASER QUE,20,3A49471H01,1.25 X 24.75 X .250 CARBON BRACE,15,15,1/16/2026,1/16/2026,1/4'' X 60 X 120 - PO CBN GR50,408.38,C50PO25060120,27.225
68277-02,LASER QUE,10,1LUJ004910AACW,BOTTOM CORE CLAMP T=0.25 12.1894X48.8189,2,2,2/25/2026,2/25/2026,1/4'' X 60 X 120 - PO CBN GR50,"1,309.16",C50PO25060120,654.5804
68277-03,LASER QUE,10,1LUJ004910AACW-2,BOTTOM CORE CLAMP T=0.25 12.1894X48.8189,2,2,2/25/2026,2/25/2026,1/4'' X 60 X 120 - PO CBN GR50,"1,309.16",C50PO25060120,654.5804
68705-02,LASER QUE,10,1LUJ004517AACW,BOTTOM CORE CLAMP T=0.25 13.1225X57.0866,26,26,1/21/2026,1/21/2026,1/4'' X 60 X 120 - PO CBN GR50,"21,424.80",C50PO25060120,824.0308
68705-03,LASER QUE,10,1LUJ004517AACW-2,BOTTOM CORE CLAMP T=0.25 13.1225X57.0866,26,26,1/21/2026,1/21/2026,1/4'' X 60 X 120 - PO CBN GR50,"21,424.80",C50PO25060120,824.0308
68706-02,LASER QUE,10,1LUJ004563AACW,BOTTOM CORE CLAMP T=0.25 13.9178X64.7638,17,17,1/21/2026,1/21/2026,1/4'' X 60 X 120 - PO CBN GR50,"16,855.61",C50PO25060120,991.5066
68706-03,LASER QUE,10,1LUJ004563AACW-2,BOTTOM CORE CLAMP T=0.25 13.9178X64.7638,17,17,1/21/2026,1/21/2026,1/4'' X 60 X 120 - PO CBN GR50,"16,855.61",C50PO25060120,991.5066
68703-02,LASER QUE,10,1LUJ004281AACW,BOTTOM CORE CLAMP T=0.3125 14.6677X61.811,36,36,1/14/2026,1/14/2026,1/4'' X 60 X 120 - PO CBN GR50,"35,902.36",C50PO25060120,997.2877
68703-03,LASER QUE,10,1LUJ004281AACW-2,BOTTOM CORE CLAMP T=0.3125 14.6677X61.811,36,36,1/14/2026,1/14/2026,1/4'' X 60 X 120 - PO CBN GR50,"35,902.36",C50PO25060120,997.2877
68277-06,LASER QUE,10,1LUJ009019AAF,CLAMP FOOT T=0.25 5.5781X20.315,4,4,2/25/2026,2/25/2026,1/4'' X 60 X 120 - PO CBN GR50,498.6,C50PO25060120,124.651
68705-06,LASER QUE,10,1LUJ008788AAF,CLAMP FOOT T=0.25 5.5781X24.4488,52,52,1/21/2026,1/21/2026,1/4'' X 60 X 120 - PO CBN GR50,"7,800.81",C50PO25060120,150.0156
68703-06,LASER QUE,10,1LUJ008665AAF,CLAMP FOOT T=0.25 5.5781X26.5748,72,72,1/14/2026,1/14/2026,1/4'' X 60 X 120 - PO CBN GR50,"11,740.36",C50PO25060120,163.0606
68706-06,LASER QUE,10,1LUJ008814AAF,CLAMP FOOT T=0.25 5.5781X27.4409,34,34,1/21/2026,1/21/2026,1/4'' X 60 X 120 - PO CBN GR50,"5,724.75",C50PO25060120,168.3749
68683-01,LASER QUE,20,28C4125H01,Cooler Bank Brace 50.50 23.5  CL Spacing,106,106,1/9/2026,1/9/2026,1/4'' X 60 X 120 - PO CBN GR50,"10,389.06",C50PO25060120,98.01
68748-03,LASER QUE,20,28C4125H01,Cooler Bank Brace 50.50 23.5  CL Spacing,121,121,1/16/2026,1/16/2026,1/4'' X 60 X 120 - PO CBN GR50,"11,859.21",C50PO25060120,98.01
68277-04,LASER QUE,10,1LUJ012341AAC,CORE CLAMP T=0.25 12.1894X48.8189,2,2,2/25/2026,2/25/2026,1/4'' X 60 X 120 - PO CBN GR50,"1,309.16",C50PO25060120,654.5804
68277-05,LASER QUE,10,1LUJ012341AAC-2,CORE CLAMP T=0.25 12.1894X48.8189,2,2,2/25/2026,2/25/2026,1/4'' X 60 X 120 - PO CBN GR50,"1,309.16",C50PO25060120,654.5804
68705-04,LASER QUE,10,1LUJ011879AAC,CORE CLAMP T=0.25 13.1225X57.0866,26,26,1/21/2026,1/21/2026,1/4'' X 60 X 120 - PO CBN GR50,"21,424.80",C50PO25060120,824.0308
68705-05,LASER QUE,10,1LUJ011879AAC-2,CORE CLAMP T=0.25 13.1225X57.0866,26,26,1/21/2026,1/21/2026,1/4'' X 60 X 120 - PO CBN GR50,"21,424.80",C50PO25060120,824.0308
68706-04,LASER QUE,10,1LUJ011932AAC,CORE CLAMP T=0.25 13.9178X64.7638,17,17,1/21/2026,1/21/2026,1/4'' X 60 X 120 - PO CBN GR50,"16,855.61",C50PO25060120,991.5066
68706-05,LASER QUE,10,1LUJ011932AAC-2,CORE CLAMP T=0.25 13.9178X64.7638,17,17,1/21/2026,1/21/2026,1/4'' X 60 X 120 - PO CBN GR50,"16,855.61",C50PO25060120,991.5066
68703-04,LASER QUE,10,1LUJ011637AAC,CORE CLAMP T=0.3125 14.6677X61.811,36,36,1/14/2026,1/14/2026,1/4'' X 60 X 120 - PO CBN GR50,"35,902.36",C50PO25060120,997.2877
68703-05,LASER QUE,10,1LUJ011637AAC-2,CORE CLAMP T=0.3125 14.6677X61.811,36,36,1/14/2026,1/14/2026,1/4'' X 60 X 120 - PO CBN GR50,"35,902.36",C50PO25060120,997.2877
68787-02,LASER QUE,20,33941659,GUSSET HITCH .25X4X13 18K,14,14,1/6/2026,1/6/2026,1/4'' X 60 X 120 - PO CBN GR50,800.8,C50PO25060120,57.2
68815-07,LASER QUE,20,33941659,GUSSET HITCH .25X4X13 18K,24,24,1/14/2026,1/14/2026,1/4'' X 60 X 120 - PO CBN GR50,"1,372.80",C50PO25060120,57.2
68813-01,LASER QUE,20,34330604,GUSSET HITCH 4.25X21 19K TS20  .25 GR50 4.250 X 21.000,12,12,1/16/2026,1/16/2026,1/4'' X 60 X 120 - PO CBN GR50,589.05,C50PO25060120,49.0875
68772-03,LASER QUE,20,A4547P,Outrigger Cap Plate  2.50 x 3.00,40,40,1/19/2026,1/19/2026,1/4'' X 60 X 120 - PO CBN GR50,330,C50PO25060120,8.25
68463-27,LASER QUE,20,WH ANGLE STOP,Worm Hopper Angle Stop   3.75 x 1.75,4,4,1/6/2026,1/6/2026,1/4'' X 60 X 120 - PO CBN GR50,28.88,C50PO25060120,7.2188
68463-38,LASER QUE,20,WH ARM ANGLE,Worm Hopper Arm Angle  1.75 x 5.88,4,4,1/6/2026,1/6/2026,1/4'' X 60 X 120 - PO CBN GR50,45.28,C50PO25060120,11.319
68463-21,LASER QUE,20,WH BACK,Worm Hopper Back  50 x 31.98,1,1,1/6/2026,1/6/2026,1/4'' X 60 X 120 - PO CBN GR50,"1,758.90",C50PO25060120,1758.9
68463-13,LASER QUE,20,WH BACK ANGLE,Worm Hopper Back Angle  3.63 x 43.32,1,1,1/6/2026,1/6/2026,1/4'' X 60 X 120 - PO CBN GR50,172.98,C50PO25060120,172.9768
68463-12,LASER QUE,20,WH BASE CHANNEL,Worm Hopper Base Channel  4.5 x 50.63,3,3,1/6/2026,1/6/2026,1/4'' X 60 X 120 - PO CBN GR50,751.86,C50PO25060120,250.6185
68463-26,LASER QUE,20,WH CHANNEL STOP,Worm Hopper Channel Stop  4.5 x 49,4,4,1/6/2026,1/6/2026,1/4'' X 60 X 120 - PO CBN GR50,970.2,C50PO25060120,242.55
68463-14,LASER QUE,20,WH CROSS ANGLE,Worm Hopper Cross Angle  3.5 x 43.32,2,2,1/6/2026,1/6/2026,1/4'' X 60 X 120 - PO CBN GR50,333.56,C50PO25060120,166.782
68463-29,LASER QUE,20,WH GUIDE BRACKET,Worm Hopper Guide Bracket  8 x 21.04,1,1,1/6/2026,1/6/2026,1/4'' X 60 X 120 - PO CBN GR50,185.15,C50PO25060120,185.152
68463-32,LASER QUE,20,WH GUIDE BRACKET,Worm Hopper Guide Bracket  8 x 21.04,1,1,1/6/2026,1/6/2026,1/4'' X 60 X 120 - PO CBN GR50,185.15,C50PO25060120,185.152
68463-30,LASER QUE,20,WH GUIDE GUSSET,Worm Hopper Guide Gusset   8.53 x 18.04,1,1,1/6/2026,1/6/2026,1/4'' X 60 X 120 - PO CBN GR50,169.27,C50PO25060120,169.2693
68463-33,LASER QUE,20,WH GUIDE GUSSET,Worm Hopper Guide Gusset   8.53 x 18.04,1,1,1/6/2026,1/6/2026,1/4'' X 60 X 120 - PO CBN GR50,169.27,C50PO25060120,169.2693
68463-31,LASER QUE,20,WH GUIDE PLATE,Worm Hopper Guide Plate  8.9 x 6,1,1,1/6/2026,1/6/2026,1/4'' X 60 X 120 - PO CBN GR50,58.74,C50PO25060120,58.74
68463-34,LASER QUE,20,WH GUIDE PLATE,Worm Hopper Guide Plate  8.9 x 6,1,1,1/6/2026,1/6/2026,1/4'' X 60 X 120 - PO CBN GR50,58.74,C50PO25060120,58.74
68463-10,LASER QUE,20,WH LEFT BASE TRACK,Worm Hopper Left Base Track  60 x 16.29,1,1,1/6/2026,1/6/2026,1/4'' X 60 X 120 - PO CBN GR50,"1,075.14",C50PO25060120,1075.14
68463-18,LASER QUE,20,WH LEFT SIDE,Worm Hopper Left Side  34.48 x 32,1,1,1/6/2026,1/6/2026,1/4'' X 60 X 120 - PO CBN GR50,"1,213.70",C50PO25060120,1213.696
68463-24,LASER QUE,20,WH LOCK PLATE,Worm Hopper Lock Plate  4 x 3,1,1,1/6/2026,1/6/2026,1/4'' X 60 X 120 - PO CBN GR50,13.2,C50PO25060120,13.2
68463-15,LASER QUE,20,WH PLATE,Worm Hopper Plate  4 x 19.55,1,1,1/6/2026,1/6/2026,1/4'' X 60 X 120 - PO CBN GR50,86.02,C50PO25060120,86.02
68463-11,LASER QUE,20,WH RIGHT BASE TRACK,Worm Hopper Right Base Track  60 x 16.29,1,1,1/6/2026,1/6/2026,1/4'' X 60 X 120 - PO CBN GR50,"1,075.14",C50PO25060120,1075.14
68463-19,LASER QUE,20,WH RIGHT SIDE,Worm Hopper Right Side  34.48 x 32,1,1,1/6/2026,1/6/2026,1/4'' X 60 X 120 - PO CBN GR50,"1,213.70",C50PO25060120,1213.696
68463-20,LASER QUE,20,WH TRAY,Worm Hopper Tray  52 x 49.13,1,1,1/6/2026,1/6/2026,1/4'' X 60 X 120 - PO CBN GR50,"2,810.24",C50PO25060120,2810.236
68798-01,LASER QUE,20,34860605,DOOR FRAME CRANE COMPT BNSF538 .25 GR80 12.810 X 18.125,2,2,1/7/2026,1/7/2026,1/4'' X 60 X 120 - CBN GR80,510.8,C8025060120,255.3994
68638-06,LASER QUE,20,80035310,PLATE TOP HITCH 21K .25 GR80 7.534 X 8.000,32,32,2/12/2026,2/12/2026,1/4'' X 60 X 120 - CBN GR80,"2,121.57",C8025060120,66.2992
68729-04,LASER QUE,20,80035310,PLATE TOP HITCH 21K .25 GR80 7.534 X 8.000,16,16,1/15/2026,1/15/2026,1/4'' X 60 X 120 - CBN GR80,"1,060.79",C8025060120,66.2992
68804-01,LASER QUE,20,34859085,"PLATE, BOOM REST SUPPORT 14 X 24 .25 GR80 14.100 X 23.760",2,2,1/9/2026,1/9/2026,1/4'' X 60 X 120 - CBN GR80,737.04,C8025060120,368.5176
68815-05,LASER QUE,20,12014210,TOP PLATE UB HITCH 18K  .25 GR80 6.000 X 6.500,12,12,1/14/2026,1/14/2026,1/4'' X 60 X 120 - CBN GR80,514.8,C8025060120,42.9
68797-01,LASER QUE,20,35832468,"PANEL,CRANE COMP DLR-55K 52H  51.688 X 70.297",1,1,1/7/2026,1/7/2026,1/4'' X 60 X 120 - CBN GR50,"3,996.86",C5025060120,3996.862
68803-03,LASER QUE,20,20066190,"SPACER .25 X 2.88 X 5.0 GM56CA  5"" X 2.88""",4,4,1/8/2026,1/8/2026,1/4'' X 60 X 120 - CBN GR50,63.25,C5025060120,15.8125
68815-02,LASER QUE,20,33941547,SHEAR PLATE COMBO UNIV 18K  .50 GR80 15.250 X 20.680,24,24,1/14/2026,1/14/2026,1/2'' X 60 X 120 - CBN GR80,"8,325.60",C8050060120,346.9
68802-04,LASER QUE,20,20081210-1400,"PLATE TOP CRK 20.0  .50 GR50 18.25"" X 26.25""",11,11,1/6/2026,1/6/2026,1/2'' X 60 X 120 - CBN GR50,"5,796.66",C5050060120,526.9687
68805-04,LASER QUE,20,20081210-1390,"PLATE TOP CRK 20.0  .50 GR50 18.25"" X 26.25""",10,10,1/8/2026,1/8/2026,1/2'' X 60 X 120 - CBN GR50,"5,269.69",C5050060120,526.9687
68813-07,LASER QUE,20,20082270-2300,PLATE TOP CRK STELLAR 20.0  .50 GR50 18.25 X 26.25,10,10,1/15/2026,1/15/2026,1/2'' X 60 X 120 - CBN GR50,"5,269.69",C5050060120,526.9687
68813-08,LASER QUE,20,20082270-2290,PLATE TOP CRK STELLAR 20.0  .50 GR50 18.25 X 26.25,7,7,1/15/2026,1/15/2026,1/2'' X 60 X 120 - CBN GR50,"3,688.78",C5050060120,526.9687
68794-01,LASER QUE,20,36624109,"Plate, Rail Rack Top  6.25 x 12.00",4,4,1/8/2026,1/8/2026,1/2'' X 60 X 120 - CBN GR50,330,C5050060120,82.5
68747-14,LASER QUE,20,11686-P11,Plate P11   16.00 x 16.00,12,12,1/2/2026,1/2/2026,1'' X 60 X 120 - CBN GR50,"3,379.20",C501060120,281.6
68747-15,LASER QUE,20,11686-P29,Plate P29   16.00 x 16.00,2,2,1/2/2026,1/2/2026,1'' X 60 X 120 - CBN GR50,563.2,C501060120,281.6
68772-01,LASER QUE,20,90-013P,Spindle Standoff  3.00 x 6.00,20,20,1/19/2026,1/19/2026,1'' X 60 X 120 - CBN A36,396,C361060120,19.8
68747-16,LASER QUE,20,11686-P67,Plate P67  20.00 x 20.00,2,2,1/2/2026,1/2/2026,1-1/4 X 60 X 120 - CBN C50,880,C50125060120,440
68416-06,LASER QUE,30,CONTAINMENT PAN STENCIL,30C9073H01 - CONTAINMENT PAN STENCIL,2,2,2/2/2026,2/2/2026,,0,,0
68585-01,LASER QUE,10,NITROGEN BOOSTER FILTERS-NEO,CHANGE NITROGEN BOOSTER FILTERS ON OPTIPLEX 3015 NEO #332843 - PM SEMI-ANNUAL,1,1,1/8/2026,1/8/2026,,0,,0
68548-11,LASER QUE,10,ISNZ 2 HP,ISNZ #2 HP MAINTENANCE (NEO) - PM WEEKLY,1,1,1/8/2026,1/8/2026,,0,,0
68549-11,LASER QUE,10,ISNZ 2 HP,ISNZ #2 HP MAINTENANCE (NEO) - PM WEEKLY,1,1,1/15/2026,1/15/2026,,0,,0
68550-11,LASER QUE,10,ISNZ 2 HP,ISNZ #2 HP MAINTENANCE (NEO) - PM WEEKLY,1,1,1/22/2026,1/22/2026,,0,,0
68551-11,LASER QUE,10,ISNZ 2 HP,ISNZ #2 HP MAINTENANCE (NEO) - PM WEEKLY,1,1,1/29/2026,1/29/2026,,0,,0
68552-11,LASER QUE,10,ISNZ 2 HP,ISNZ #2 HP MAINTENANCE (NEO) - PM WEEKLY,1,1,2/5/2026,2/5/2026,,0,,0
68553-11,LASER QUE,10,ISNZ 2 HP,ISNZ #2 HP MAINTENANCE (NEO) - PM WEEKLY,1,1,2/12/2026,2/12/2026,,0,,0
68554-11,LASER QUE,10,ISNZ 2 HP,ISNZ #2 HP MAINTENANCE (NEO) - PM WEEKLY,1,1,2/19/2026,2/19/2026,,0,,0
68555-11,LASER QUE,10,ISNZ 2 HP,ISNZ #2 HP MAINTENANCE (NEO) - PM WEEKLY,1,1,2/26/2026,2/26/2026,,0,,0
68556-11,LASER QUE,10,ISNZ 2 HP,ISNZ #2 HP MAINTENANCE (NEO) - PM WEEKLY,1,1,3/5/2026,3/5/2026,,0,,0
68557-11,LASER QUE,10,ISNZ 2 HP,ISNZ #2 HP MAINTENANCE (NEO) - PM WEEKLY,1,1,3/12/2026,3/12/2026,,0,,0
68558-11,LASER QUE,10,ISNZ 2 HP,ISNZ #2 HP MAINTENANCE (NEO) - PM WEEKLY,1,1,3/19/2026,3/19/2026,,0,,0
68559-11,LASER QUE,10,ISNZ 2 HP,ISNZ #2 HP MAINTENANCE (NEO) - PM WEEKLY,1,1,3/26/2026,3/26/2026,,0,,0
68549-08,LASER QUE,10,KAISER 30 HP,KAISER 30 HP MAINTENANCE - PM WEEKLY  (SERIAL#2245-9011832),1,1,1/15/2026,1/15/2026,,0,,0
68550-08,LASER QUE,10,KAISER 30 HP,KAISER 30 HP MAINTENANCE - PM WEEKLY  (SERIAL#2245-9011832),1,1,1/22/2026,1/22/2026,,0,,0
68551-08,LASER QUE,10,KAISER 30 HP,KAISER 30 HP MAINTENANCE - PM WEEKLY  (SERIAL#2245-9011832),1,1,1/29/2026,1/29/2026,,0,,0
68552-08,LASER QUE,10,KAISER 30 HP,KAISER 30 HP MAINTENANCE - PM WEEKLY  (SERIAL#2245-9011832),1,1,2/5/2026,2/5/2026,,0,,0
68553-08,LASER QUE,10,KAISER 30 HP,KAISER 30 HP MAINTENANCE - PM WEEKLY  (SERIAL#2245-9011832),1,1,2/12/2026,2/12/2026,,0,,0
68554-08,LASER QUE,10,KAISER 30 HP,KAISER 30 HP MAINTENANCE - PM WEEKLY  (SERIAL#2245-9011832),1,1,2/19/2026,2/19/2026,,0,,0
68555-08,LASER QUE,10,KAISER 30 HP,KAISER 30 HP MAINTENANCE - PM WEEKLY  (SERIAL#2245-9011832),1,1,2/26/2026,2/26/2026,,0,,0
68556-08,LASER QUE,10,KAISER 30 HP,KAISER 30 HP MAINTENANCE - PM WEEKLY  (SERIAL#2245-9011832),1,1,3/5/2026,3/5/2026,,0,,0
68557-08,LASER QUE,10,KAISER 30 HP,KAISER 30 HP MAINTENANCE - PM WEEKLY  (SERIAL#2245-9011832),1,1,3/12/2026,3/12/2026,,0,,0
68558-08,LASER QUE,10,KAISER 30 HP,KAISER 30 HP MAINTENANCE - PM WEEKLY  (SERIAL#2245-9011832),1,1,3/19/2026,3/19/2026,,0,,0
68559-08,LASER QUE,10,KAISER 30 HP,KAISER 30 HP MAINTENANCE - PM WEEKLY  (SERIAL#2245-9011832),1,1,3/26/2026,3/26/2026,,0,,0
68574-01,LASER QUE,10,REMMERT AUTO - PM MONTHLY,REMMERT AUTOMATION - PM MONTHLY,1,1,1/8/2026,1/8/2026,,0,,0
68574-02,LASER QUE,10,REMMERT AUTO - PM MONTHLY,REMMERT AUTOMATION - PM MONTHLY,1,1,2/12/2026,2/12/2026,,0,,0
68574-03,LASER QUE,10,REMMERT AUTO - PM MONTHLY,REMMERT AUTOMATION - PM MONTHLY,1,1,3/12/2026,3/12/2026,,0,,0
68584-01,LASER QUE,10,REMMERT AUTO - PM QUARTERLY,REMMERT AUTOMATION - PM QUARTERLY,1,1,1/29/2026,1/29/2026,,0,,0
